{
    "schema_version": "v1",
    "name_for_human": "Coffee shop (No Auth)",
    "name_for_model": "Coffee shop",
    "description_for_human": "This is a test app.",
    "description_for_model": "Coffee shop plugin allows users to list some coffees and their prices, and then get some details for the coffee of there chios.",
    "auth": {
        "type": "none"
    },
    "api": {
        "type": "openapi",
        "url": "PLUGIN_HOSTNAME/openapi.yaml"
    },
    "logo_url": "PLUGIN_HOSTNAME/logo.png",
    "contact_email": "support@example.com",
    "legal_info_url": "https://example.com/legal"
}
